id,title,score,num_comments,author,created_utc,url,over_18,edited,spoiler,stickied
1g00jyg,How is Microsoft Fabric different from Microsoft's previous services?,64,48,Ambitious_Yak6415,2024-10-09 19:57:40,https://www.reddit.com/r/dataengineering/comments/1g00jyg/how_is_microsoft_fabric_different_from_microsofts/,False,False,False,False
1g0gidy,Conversation I had with a data analyst trying to meaningfully join marketoâ€™s api data to anything else in our database,48,10,meyerovb,2024-10-10 11:22:42,https://i.redd.it/4qday9fgywtd1.jpeg,False,False,False,False
1g03cyw,How does Spark compare to Postgres in large scale batch workloads,30,26,MMACheerpuppy,2024-10-09 21:58:30,https://www.reddit.com/r/dataengineering/comments/1g03cyw/how_does_spark_compare_to_postgres_in_large_scale/,False,False,False,False
1g0hrrf,"Since everyone is on the AI hype train, what are some of the must have skills for data engineers in the AI/ML space nowadays?",19,14,adritandon01,2024-10-10 12:35:45,https://www.reddit.com/r/dataengineering/comments/1g0hrrf/since_everyone_is_on_the_ai_hype_train_what_are/,False,False,False,False
1g0d19m,How do you create a data engineering project?,15,10,Kkrishna2000,2024-10-10 07:03:00,https://www.reddit.com/r/dataengineering/comments/1g0d19m/how_do_you_create_a_data_engineering_project/,False,False,False,False
1fzwt5p,I feel lost solving this problem,12,14,idleAndalusian,2024-10-09 17:19:53,https://www.reddit.com/r/dataengineering/comments/1fzwt5p/i_feel_lost_solving_this_problem/,False,False,False,False
1g0d2ed,giving away free referral,8,15,Impossible-Item-1231,2024-10-10 07:05:26,https://www.reddit.com/r/dataengineering/comments/1g0d2ed/giving_away_free_referral/,False,False,False,False
1g02onk,Deeplearning or Eczachly for upskilling,7,9,Fasthandman,2024-10-09 21:28:34,https://www.reddit.com/r/dataengineering/comments/1g02onk/deeplearning_or_eczachly_for_upskilling/,False,False,False,False
1g057s3,I don't understand the nuances of Spark reading partitioned parquets and I can't find good documentation on it. Help me understand,6,3,Reddit_Account_C-137,2024-10-09 23:24:38,https://www.reddit.com/r/dataengineering/comments/1g057s3/i_dont_understand_the_nuances_of_spark_reading/,False,False,False,False
1g0ly9s,Terraform for a Data Engineer ?,4,15,imKrypex,2024-10-10 15:50:15,https://www.reddit.com/r/dataengineering/comments/1g0ly9s/terraform_for_a_data_engineer/,False,False,False,False
1g08980,Help me set up a simple data extract/match solution,3,5,x_butnocigar,2024-10-10 01:59:02,https://www.reddit.com/r/dataengineering/comments/1g08980/help_me_set_up_a_simple_data_extractmatch_solution/,False,False,False,False
1g0io5x,API connectors and API job orchestration ,3,0,soricellia,2024-10-10 13:21:03,https://www.reddit.com/r/dataengineering/comments/1g0io5x/api_connectors_and_api_job_orchestration/,False,False,False,False
1g0duwj,Blog post on streaming all messages into and out of LLM and checking for harmful content with IBM HAP model,3,0,ksdio,2024-10-10 08:07:19,https://www.reddit.com/r/dataengineering/comments/1g0duwj/blog_post_on_streaming_all_messages_into_and_out/,False,False,False,False
1g0du1j,Data Engineers as MLOps Engineers,3,1,Delicious_Attempt_99,2024-10-10 08:05:18,https://www.reddit.com/r/dataengineering/comments/1g0du1j/data_engineers_as_mlops_engineers/,False,False,False,False
1g0bpzb,How to set up Real time data platform for ml,5,4,kaggle-zen,2024-10-10 05:26:20,https://www.reddit.com/r/dataengineering/comments/1g0bpzb/how_to_set_up_real_time_data_platform_for_ml/,False,False,False,False
1fzz6bd,Excel/CSV Bill of Materials transformation,3,0,WindowConfident9215,2024-10-09 18:59:45,https://www.reddit.com/r/dataengineering/comments/1fzz6bd/excelcsv_bill_of_materials_transformation/,False,False,False,False
1g0nfks,What is your stack and typical day to day work as a Data Engineer? Is there much opportunity for Data Engineering as a contractor/consultant as opposed to full-time?,2,1,makelefani,2024-10-10 16:54:01,https://www.reddit.com/r/dataengineering/comments/1g0nfks/what_is_your_stack_and_typical_day_to_day_work_as/,False,False,False,False
1g0jpzi,MySQL -> Databricks + dbt: Migration Gutcheck,2,3,krando12,2024-10-10 14:10:56,https://www.reddit.com/r/dataengineering/comments/1g0jpzi/mysql_databricks_dbt_migration_gutcheck/,False,False,False,False
1g0c887,Talk to your database and visualize it with natural language,1,15,mohsen-kamrani,2024-10-10 06:02:13,https://www.reddit.com/r/dataengineering/comments/1g0c887/talk_to_your_database_and_visualize_it_with/,False,False,False,False
1g08ve9,How to connect glue to SSMS via windows authentication ,2,0,NefariousnessSea5101,2024-10-10 02:32:22,https://www.reddit.com/r/dataengineering/comments/1g08ve9/how_to_connect_glue_to_ssms_via_windows/,False,False,False,False
1g05hph,Can Snowflake write to Iceberg tables managed by Polaris Catalog?,2,3,quadraaa,2024-10-09 23:38:02,https://www.reddit.com/r/dataengineering/comments/1g05hph/can_snowflake_write_to_iceberg_tables_managed_by/,False,False,False,False
1g03vkq,Is there a way to determine if an image was AI generated just by looking it metadata?,2,2,__Mulan__,2024-10-09 22:21:35,https://www.reddit.com/r/dataengineering/comments/1g03vkq/is_there_a_way_to_determine_if_an_image_was_ai/,False,False,False,False
1fzwm6v,How to easily normalize a table to 2NF and 3NF?,2,1,Anonymous36513,2024-10-09 17:11:49,https://www.reddit.com/r/dataengineering/comments/1fzwm6v/how_to_easily_normalize_a_table_to_2nf_and_3nf/,False,False,False,False
1g0j3co,Concatenate in .withColumn makes the whole column in all row empty? Driving me crazy,1,2,kbic93,2024-10-10 13:41:44,https://www.reddit.com/r/dataengineering/comments/1g0j3co/concatenate_in_withcolumn_makes_the_whole_column/,False,False,False,False
1g0icke,Tool to query different DBMS,1,4,Diesis73,2024-10-10 13:05:29,https://www.reddit.com/r/dataengineering/comments/1g0icke/tool_to_query_different_dbms/,False,False,False,False
1g0d8lw,Best practice to copy data from ADLS to HDFS,1,3,loloo12121212121212,2024-10-10 07:18:28,https://www.reddit.com/r/dataengineering/comments/1g0d8lw/best_practice_to_copy_data_from_adls_to_hdfs/,False,False,False,False
1g0d7jk,How can I update data without querying the DB everytime?,1,1,Choice-Platypus218,2024-10-10 07:16:10,https://www.reddit.com/r/dataengineering/comments/1g0d7jk/how_can_i_update_data_without_querying_the_db/,False,False,False,False
1fzyoq5,Executing a Stored Procedure with Polars: RuntimeError: MsSQL failed to get the columns of query - what could fix it?,1,1,DeepFryEverything,2024-10-09 18:38:43,https://www.reddit.com/r/dataengineering/comments/1fzyoq5/executing_a_stored_procedure_with_polars/,False,False,False,False
1g0k8us,Software Engineer career change to Data Engineering [advice],0,1,marvin_pt,2024-10-10 14:34:36,https://www.reddit.com/r/dataengineering/comments/1g0k8us/software_engineer_career_change_to_data/,False,False,False,False
1g0iaml,"Does anyone know of Leetcode style SQL Leetcode Questions that test UDFs and Stored Procedures (hacent found in hacekrrank, leetcode or sqlpad.io) also any cheatsheets or sets of questions for more advanced concepts normalizations, clustered index, partitioning, distributed dbs (potgresql/mssql)",0,0,juan_berger,2024-10-10 13:02:52,https://www.reddit.com/r/dataengineering/comments/1g0iaml/does_anyone_know_of_leetcode_style_sql_leetcode/,False,False,False,False
1g0easc,Bytebase 2.23.1 - Database Schema Change and Version Control for MySQL/PG/MSSQL/Oracle/ ...,0,0,Adela_freedom,2024-10-10 08:43:54,https://www.bytebase.com/changelog/bytebase-2-23-1/,False,False,False,False
